image,Default,Tuned,Change (%)
04ff146c-13216e9b-c11_jpg.rf.022abb1aa9ebd2fbced72721eb6750d1.jpg,5,5,0.0
04ff146c-13216e9b-c11_jpg.rf.06add46dbc12e911aad8b46adef69cd7.jpg,8,7,-12.5
04ff146c-13216e9b-c11_jpg.rf.1cc5b34d2934261bad452dac567dae81.jpg,4,4,0.0
04ff146c-13216e9b-c11_jpg.rf.1d74695fd13acd225a2a2a45c261bf17.jpg,12,9,-25.0
04ff146c-13216e9b-c11_jpg.rf.1df4b7fb697ce8acb05aef616544b35b.jpg,2,2,0.0
04ff146c-13216e9b-c11_jpg.rf.2129fb914d2879baa0612da94502dbed.jpg,6,5,-16.67
04ff146c-13216e9b-c11_jpg.rf.3091af07346effbc43b968ba7a288157.jpg,2,2,0.0
04ff146c-13216e9b-c11_jpg.rf.475a5dbe732b7e9be16b186a3a2973bd.jpg,7,5,-28.57
04ff146c-13216e9b-c11_jpg.rf.4d1ec16da684eb1c7adf7f6e337ae066.jpg,7,5,-28.57
04ff146c-13216e9b-c11_jpg.rf.5914cc8b551af361ba398087d7528fac.jpg,4,4,0.0
04ff146c-13216e9b-c11_jpg.rf.5da1bbf8d67c771425948ecfa71ac281.jpg,11,8,-27.27
04ff146c-13216e9b-c11_jpg.rf.5e55cc2f32e13819ead0d4a73b659e94.jpg,5,5,0.0
04ff146c-13216e9b-c11_jpg.rf.6dd72032067d75098f5d0eaf82475294.jpg,8,6,-25.0
04ff146c-13216e9b-c11_jpg.rf.7011b18dc367194d9480785a0faea870.jpg,12,8,-33.33
04ff146c-13216e9b-c11_jpg.rf.71838ebab9c5700902bc00f2c128aa51.jpg,10,9,-10.0
04ff146c-13216e9b-c11_jpg.rf.7968d8f626731bb3677576648a19801d.jpg,5,5,0.0
04ff146c-13216e9b-c11_jpg.rf.79f9b9af2dfc6c29a9cde0d076aa13c3.jpg,12,8,-33.33
04ff146c-13216e9b-c11_jpg.rf.7aee9cbe678371258a21de483b4efc34.jpg,6,6,0.0
04ff146c-13216e9b-c11_jpg.rf.91784f40f93f8e32d6b209967ea827d6.jpg,10,8,-20.0
04ff146c-13216e9b-c11_jpg.rf.9466d68cc46de8f5d7385c08dac1f4e1.jpg,4,4,0.0
04ff146c-13216e9b-c11_jpg.rf.a7ccbb3936cdcf3708d222e58121e44a.jpg,3,2,-33.33
04ff146c-13216e9b-c11_jpg.rf.a9790b5d410ac1bd8477c67c23135fc5.jpg,9,7,-22.22
04ff146c-13216e9b-c11_jpg.rf.ac2b18fd2708b823846c3f3f7670ff79.jpg,5,4,-20.0
04ff146c-13216e9b-c11_jpg.rf.b513be56788c0c024c31b46ef1dd4935.jpg,7,6,-14.29
04ff146c-13216e9b-c11_jpg.rf.c6b74347e75ccfb889a615bcb583589b.jpg,7,5,-28.57
04ff146c-13216e9b-c11_jpg.rf.cac2703309e725df24d6dc3a84de4305.jpg,12,7,-41.67
04ff146c-13216e9b-c11_jpg.rf.d714d4d00aa481759ebb6285acdd1a5b.jpg,10,8,-20.0
04ff146c-13216e9b-c11_jpg.rf.f8244e60b1ac102343f2f57bd66ea257.jpg,11,8,-27.27
04ff146c-13216e9b-c11_jpg.rf.f958f5ff3061edd98f9dcd16109ec9f7.jpg,2,2,0.0
04ff146c-13216e9b-c11_jpg.rf.fde49ed7a1ac8fed26e35fd89c0c5a80.jpg,9,5,-44.44
04ff146c-13216e9b-c11_jpg.rf.ff6d99c18a5f989b69a5c15615db9de6.jpg,4,3,-25.0
04ff146c-13216e9b-c11_jpg.rf.ffd378058fb804dc796475773af4a563.jpg,10,9,-10.0
0d708247-486033a9-c10_jpg.rf.09f43ea9c211fa5db415a5feb71a99ba.jpg,1,1,0.0
0d708247-486033a9-c10_jpg.rf.109a0f105affa4e95fa06a32c34ed72f.jpg,1,1,0.0
0d708247-486033a9-c10_jpg.rf.198fec8bfe15326af556d03b8ca8393e.jpg,1,1,0.0
0d708247-486033a9-c10_jpg.rf.1eb738a1885cbeef4ca688260e26d786.jpg,1,1,0.0
0d708247-486033a9-c10_jpg.rf.3c6af208c21a0e81c6de2e448d9590b3.jpg,1,1,0.0
0d708247-486033a9-c10_jpg.rf.4450faa426c62fcde140b624c7c19f02.jpg,1,1,0.0
0d708247-486033a9-c10_jpg.rf.62d607f0ca9715c7fe2bd25e05c8d2d7.jpg,2,2,0.0
0d708247-486033a9-c10_jpg.rf.6f3b7e3f3dd79229322ee3f99ae71ab9.jpg,1,1,0.0
0d708247-486033a9-c10_jpg.rf.802f646c66271b539c5d96a7c8ec23ed.jpg,1,1,0.0
0d708247-486033a9-c10_jpg.rf.8b5d1009ded84e99757a8d1dc977f9e7.jpg,1,1,0.0
0d708247-486033a9-c10_jpg.rf.9d7bd5488097a30c1feea13000dc2961.jpg,1,1,0.0
0d708247-486033a9-c10_jpg.rf.a8504effadbf9c76faa4b8affe7d7b8f.jpg,1,1,0.0
0d708247-486033a9-c10_jpg.rf.b48287d71c13c3a924a45fee0a810237.jpg,2,2,0.0
0d708247-486033a9-c10_jpg.rf.c518b6e2a5f4dca116a02b868d38946e.jpg,1,1,0.0
0d708247-486033a9-c10_jpg.rf.e28609f81944553e29bec107faf9dbf7.jpg,1,1,0.0
0d708247-486033a9-c10_jpg.rf.e5b4741bf732f60cd760c4464d23b628.jpg,1,1,0.0
0d708247-486033a9-c10_jpg.rf.fc31c1a734757f53596c5db8e0ff4c6d.jpg,1,1,0.0
0e538f39-1d30436c-c23_jpg.rf.012e512c8c1941538a6785695486c1be.jpg,1,1,0.0
0e538f39-1d30436c-c23_jpg.rf.0b9806697d4973ca6a396871ea11c199.jpg,1,1,0.0
0e538f39-1d30436c-c23_jpg.rf.467d072ac1c1df74fd2eb9c91793318b.jpg,1,1,0.0
0e538f39-1d30436c-c23_jpg.rf.5af909c0dd3258728e494053ed2a12c6.jpg,1,1,0.0
0e538f39-1d30436c-c23_jpg.rf.5ee51b4e79b226adad7e1e40d91eb1a9.jpg,1,1,0.0
0e538f39-1d30436c-c23_jpg.rf.6968938f3ad3e362b2e7bbd60e0ab02b.jpg,1,1,0.0
0e538f39-1d30436c-c23_jpg.rf.6b9275fda425e256aead42aeb693c9fd.jpg,1,1,0.0
0e538f39-1d30436c-c23_jpg.rf.80072e6de53dc1e7e9b474d2f86e312c.jpg,1,1,0.0
0e538f39-1d30436c-c23_jpg.rf.9047888a529b706544e17eba3f766c2b.jpg,1,1,0.0
0e538f39-1d30436c-c23_jpg.rf.e95d5f144f4e56d8695d31bac0260826.jpg,1,1,0.0
116e2e9b-6b433071-download_2_jpeg_jpg.rf.0260e58ac045b5070a0cb246b33ef23b.jpg,1,1,0.0
116e2e9b-6b433071-download_2_jpeg_jpg.rf.0d3fbdee49eaebbd57666e5bb5f11ab5.jpg,2,2,0.0
116e2e9b-6b433071-download_2_jpeg_jpg.rf.15f70dfa0f543b1db1b08ee3bad979f0.jpg,1,1,0.0
116e2e9b-6b433071-download_2_jpeg_jpg.rf.3511a3a6944eb23ba2d980ec1554c5e1.jpg,1,1,0.0
116e2e9b-6b433071-download_2_jpeg_jpg.rf.40f106d769603a513f277d5b22d6f893.jpg,3,2,-33.33
116e2e9b-6b433071-download_2_jpeg_jpg.rf.53b998ae48f34a9911f29cb710055007.jpg,1,1,0.0
116e2e9b-6b433071-download_2_jpeg_jpg.rf.766d146f9bca48d82da47ca34c812f03.jpg,2,2,0.0
116e2e9b-6b433071-download_2_jpeg_jpg.rf.80e2f3e5f80a97f5ec04ac9a5ba71d65.jpg,1,1,0.0
116e2e9b-6b433071-download_2_jpeg_jpg.rf.917197317eebd3db9829c6bc051b6e82.jpg,1,1,0.0
116e2e9b-6b433071-download_2_jpeg_jpg.rf.ca0b2b214afbd6a11d837c2c6efd183c.jpg,1,1,0.0
116e2e9b-6b433071-download_2_jpeg_jpg.rf.cb01b39e4b9b8cb723161bf482059435.jpg,1,1,0.0
116e2e9b-6b433071-download_2_jpeg_jpg.rf.d33968c0ae9fa87eb29c165c6b5f7837.jpg,1,1,0.0
116e2e9b-6b433071-download_2_jpeg_jpg.rf.e074bd687fb174fce2153ef18b4d6e9b.jpg,1,1,0.0
116e2e9b-6b433071-download_2_jpeg_jpg.rf.ed59bb38f6a03aaba963f75c802411e2.jpg,1,1,0.0
116e2e9b-6b433071-download_2_jpeg_jpg.rf.f5aa0c75ab8b7af6f6c269242c2edc90.jpg,2,2,0.0
1723687d-6dd44d6e-Centerline-Crack_jpg.rf.6c820bdaf6c7e1e74d390ae2b5f78524.jpg,1,1,0.0
19cacbd9-61c6b81f-c5_jpg.rf.140a2ffdbd47d5448a6462d612890346.jpg,2,1,-50.0
19cacbd9-61c6b81f-c5_jpg.rf.269b6fd441b5106128f4da6394f9947f.jpg,4,3,-25.0
19cacbd9-61c6b81f-c5_jpg.rf.58f7a1c314d7c34b70a121256c0cbaa4.jpg,3,2,-33.33
19cacbd9-61c6b81f-c5_jpg.rf.6aaf9da8f3ae23e5120dfdb63023ed47.jpg,3,3,0.0
19cacbd9-61c6b81f-c5_jpg.rf.75216a152a138058d39bf13ba7263772.jpg,4,2,-50.0
19cacbd9-61c6b81f-c5_jpg.rf.8061a889538681d2998202a6fa95ae9a.jpg,2,2,0.0
19cacbd9-61c6b81f-c5_jpg.rf.cd5d60831abbc083f1fa4024ec487db1.jpg,3,2,-33.33
19cacbd9-61c6b81f-c5_jpg.rf.dfffa19631775ae6386e6f5a27bb9009.jpg,4,4,0.0
19cacbd9-61c6b81f-c5_jpg.rf.fab8c7d32769a393551bd2bdc74d27ed.jpg,3,3,0.0
1a9673ad-2758133c-c17_jpg.rf.4089eb6321c58dce711c8382ef94a1fc.jpg,1,1,0.0
20220312232822_14196_jpg.rf.0dcffe52f3fcfbb6bfc67f2089c4077d.jpg,1,1,0.0
20220312232822_14196_jpg.rf.6a307fb8b3716ec70c2bca4c3e39672d.jpg,1,1,0.0
20220312232822_14196_jpg.rf.72da56b513a6dc4f09edb9b1725d736b.jpg,1,1,0.0
20220608_103527_jpg.rf.07d48adab96ab34bfdd0722ba4d1f719.jpg,2,2,0.0
20220608_103527_jpg.rf.38427fde9684eafdbe1c3ff63e48cf5c.jpg,2,2,0.0
20220608_103527_jpg.rf.906752b1e89375740b7a48646f4095ef.jpg,3,2,-33.33
22-possible-causes-of-weld-metal-porosity-weld-beads_jpg.rf.66705969aae55f6f82c7ccf08cd5f61e.jpg,4,4,0.0
22-possible-causes-of-weld-metal-porosity-weld-beads_jpg.rf.8d768e88ac0bf43dc850fad51eed3dd4.jpg,4,4,0.0
22-possible-causes-of-weld-metal-porosity-weld-beads_jpg.rf.ee8db6351ba5ca9d6ea278af7cb441df.jpg,4,4,0.0
22_png_jpg.rf.0186196923ae02623bbca07dfb41d231.jpg,1,1,0.0
22_png_jpg.rf.057a552a01aca7174234f8ba5628d729.jpg,1,1,0.0
22_png_jpg.rf.9cf1d027a66d30a1481cf2cc2e81b1d1.jpg,1,1,0.0
280490384_341760774761935_1655426378473161441_n-Copy_png_jpg.rf.76a945dab75a26b19298eb76d9462136.jpg,1,1,0.0
280762807_311425284525653_2090801215891852066_n_png_jpg.rf.55c02e9579dac18860134aadcbdb5c19.jpg,1,1,0.0
280762807_311425284525653_2090801215891852066_n_png_jpg.rf.7519961335ef9a10ebe4e84cea13d55b.jpg,1,1,0.0
4d02e003-793c44d4-DWAi7_eXcAAdxuF_jpg.rf.5a7c4c69e3dbf5354e3cc4c753d59ae6.jpg,1,1,0.0
4d02e003-793c44d4-DWAi7_eXcAAdxuF_jpg.rf.5d731e6a5d0ec615b319bbfc81a4b064.jpg,2,1,-50.0
53b5de7a-77e2178f-weld-cracking-centerline-longitudinal-crack-260nw-1313514314_jpg.rf.04ea23aa4dd745a90626b35ffb3fde66.jpg,2,2,0.0
53b5de7a-77e2178f-weld-cracking-centerline-longitudinal-crack-260nw-1313514314_jpg.rf.294efa4d6aa7ec24951dd01f77bd7c51.jpg,2,2,0.0
53b5de7a-77e2178f-weld-cracking-centerline-longitudinal-crack-260nw-1313514314_jpg.rf.dc634679ffb8296ed5b5151398a0c56e.jpg,2,2,0.0
5ee0159b-e989d42a-images_jpeg_jpg.rf.3f4f08e59228f23dc82cd192e92d8194.jpg,2,2,0.0
5ee0159b-e989d42a-images_jpeg_jpg.rf.4a814b7a18bc1ea8fa3d276c04b68280.jpg,1,1,0.0
720by540-weld-bend-test_jpg.rf.30beb4e84b471ac2a3ff9423ba5f2580.jpg,2,2,0.0
720by540-weld-bend-test_jpg.rf.e3c4f493564f08dbd6a50c3b686302cf.jpg,2,1,-50.0
720by540-weld-bend-test_jpg.rf.ebf69af173799720baae858027a88b22.jpg,2,2,0.0
7215c600-f4553fc8-c3_jpg.rf.43f65cdef0bd615d897b75f79436f140.jpg,4,3,-25.0
7215c600-f4553fc8-c3_jpg.rf.61b2be13e03f99897e9ae04aecb97ae2.jpg,4,3,-25.0
7215c600-f4553fc8-c3_jpg.rf.86a3c639021e62a9467b8d62bb6962f1.jpg,3,3,0.0
7752_17_18_jpg.rf.ba512c4112dc910caf34a6dc02035166.jpg,3,3,0.0
7752_17_18_jpg.rf.d7a884d82103b5192338b8b095ebb87b.jpg,3,3,0.0
7752_17_18_jpg.rf.fd3309acef063af869da579f251382d3.jpg,3,3,0.0
Burn-welding-images_25_jpeg_jpg.rf.1c77a7198ce2a2d029a76b97d8c04ed4.jpg,2,2,0.0
Burn-welding-images_25_jpeg_jpg.rf.401f798cda50c49cc7f3d675df40c5b8.jpg,2,2,0.0
Burn-welding-images_25_jpeg_jpg.rf.8e234d1ce551739df24747a14e1f6829.jpg,2,2,0.0
ER-2-_jpg.rf.3515ae0fd743327cdc9dbf047d39f482.jpg,1,1,0.0
ER-2-_jpg.rf.505b7d93da901b72e41dd0b6aa76a217.jpg,1,1,0.0
ER-2-_jpg.rf.d702e9b33a3290dfe1fe2c7f632dca48.jpg,1,1,0.0
ERRRRR_jpg.rf.a82369e56c3c4c11c921d5ac2029c653.jpg,1,1,0.0
Example-of-Welding-Porosity_jpg.rf.2b220deb06c839f64259775733564f29.jpg,22,18,-18.18
Example-of-Welding-Porosity_jpg.rf.2f56e0c30a55e69670933224f6ee3d4a.jpg,20,16,-20.0
Example-of-Welding-Porosity_jpg.rf.52024bea1305eeac99a16758b964dd98.jpg,17,13,-23.53
F4767BEC-F5EF-43A5-82F3-46FA537B843D_jpeg_jpg.rf.3633d038bad11f584ab997fbc2a4f7e1.jpg,8,7,-12.5
F4767BEC-F5EF-43A5-82F3-46FA537B843D_jpeg_jpg.rf.e8f2db7a59f7f16e29674f53ebb7fa71.jpg,8,8,0.0
F4767BEC-F5EF-43A5-82F3-46FA537B843D_jpeg_jpg.rf.e9ddbb53707ade87881a705fd064c27c.jpg,9,8,-11.11
FB_IMG_1675164489292_jpg.rf.0504ea21a1c6c64778e741cb3f196837.jpg,1,1,0.0
FB_IMG_1675164489292_jpg.rf.8c92a4d28dda6e33828e953a09d6d36e.jpg,1,1,0.0
Fig472_1_jpg.rf.2f4e176ab478a24c82eacb53f8c9ed39.jpg,15,11,-26.67
Fig472_1_jpg.rf.3d3ea7d3e8c547ca3749328285d45180.jpg,12,12,0.0
Fig472_1_jpg.rf.dc371f9375efc0f6b487570337f3105f.jpg,16,13,-18.75
Good-Welding-images_33_jpeg_jpg.rf.15047ea985dbf1561ea220c7fd40c08d.jpg,2,1,-50.0
Good-Welding-images_33_jpeg_jpg.rf.72b63f3a76a1d44b2bef5ec8c6d44a95.jpg,1,1,0.0
Good-Welding-images_33_jpeg_jpg.rf.b3e0ba86b38190bbda5272aa0cca978b.jpg,2,1,-50.0
IMG_20220602_164230_jpg.rf.01fc8bbab428c1dcbb8985c30a818d31.jpg,1,1,0.0
IMG_20220602_164230_jpg.rf.1bdc06bb3d6c78da4943d40e8a448cb7.jpg,1,1,0.0
IMG_20220602_164230_jpg.rf.4e357d2324463b02d67e09bc773bfd1b.jpg,1,1,0.0
IMG_20230131_114137_jpg.rf.6745a88224dafa6db09a0d9d4c35cec1.jpg,1,1,0.0
IMG_20230131_114137_jpg.rf.e4cc0eab92ff0c3f2708e9ced3a69089.jpg,1,1,0.0
IMG_3620_block_1_2_png_jpg.rf.15e8a760447c9ab2452669b3d982d5d1.jpg,2,0,-100.0
IMG_3620_block_1_2_png_jpg.rf.1f85a1789d3539c17b75bb5fdd45316c.jpg,1,1,0.0
IMG_3620_block_1_2_png_jpg.rf.8c71b657fa1544c570dfa9542fed1e75.jpg,1,1,0.0
IMG_3621_block_0_1_png_jpg.rf.5a91fe04e38a7384b7b7eb6c0f4d08a5.jpg,2,2,0.0
IMG_3621_block_0_1_png_jpg.rf.84ed00a65446e52b0aca8dfe66da4487.jpg,1,1,0.0
IMG_3621_block_0_1_png_jpg.rf.c507a6f9638ff7fb1abe2866bc18daa5.jpg,2,2,0.0
IMG_3621_block_2_0_png_jpg.rf.4dd27746ba13b2a199ad2461a257a0de.jpg,5,5,0.0
IMG_3621_block_2_0_png_jpg.rf.dfd6c4dbcfd78739f58c0c8b1739e5c3.jpg,4,4,0.0
IMG_3621_block_2_0_png_jpg.rf.fa0813dd457d5c03f28b4d61f0274de4.jpg,4,4,0.0
IMG_3622_block_2_1_png_jpg.rf.04f9496d6e0178cff7c5ab4c961d7549.jpg,5,2,-60.0
IMG_3622_block_2_1_png_jpg.rf.3504f9ac81123a5d336d5996ead4ff15.jpg,5,3,-40.0
IMG_3622_block_2_1_png_jpg.rf.756d86b3ab4a9594ad12d7edb2845d62.jpg,1,1,0.0
IMG_3622_block_2_1_png_jpg.rf.903c8adb64d80e0003a68490ce79e770.jpg,1,1,0.0
IMG_3622_block_2_1_png_jpg.rf.bfcd7e34537c0e1e2d7c217a540b84ca.jpg,5,4,-20.0
IMG_3622_block_2_1_png_jpg.rf.c38a3453f1179c0ac0c3bad970b71122.jpg,2,2,0.0
IMG_3623_block_0_2_png_jpg.rf.64d52b4b39e8f9e30feba06037c8562f.jpg,1,1,0.0
IMG_3623_block_0_2_png_jpg.rf.80aacdec6977e06def0c763f644da87a.jpg,1,1,0.0
IMG_3623_block_0_2_png_jpg.rf.c865fa1cc1da8a782314d68a351a3b82.jpg,2,1,-50.0
IMG_3623_block_1_1_png_jpg.rf.43b7cc68bf4b849ec6b85c70a12a517d.jpg,9,9,0.0
IMG_3623_block_1_1_png_jpg.rf.563e16b2372c2924c78e35533be0bf3c.jpg,9,9,0.0
IMG_3623_block_1_1_png_jpg.rf.923338f320a73587be8a47924c0fef40.jpg,9,9,0.0
IMG_3623_block_1_2_png_jpg.rf.2836c84df924f8080240e680813d7363.jpg,6,6,0.0
IMG_3623_block_1_2_png_jpg.rf.3fa49477b76ceba56c0083efaf5e4425.jpg,6,5,-16.67
IMG_3623_block_1_2_png_jpg.rf.c031d2168beb5ced39ffac3c9e7388c8.jpg,6,5,-16.67
IMG_3623_block_2_0_png_jpg.rf.0104349518637c59e8065d2b8de085b3.jpg,2,2,0.0
IMG_3623_block_2_0_png_jpg.rf.5924fb83ebf910d44c7650784e74c52c.jpg,2,2,0.0
IMG_3623_block_2_0_png_jpg.rf.656dc91b32e3bea405c50e0dc5356653.jpg,3,3,0.0
IMG_3623_block_2_1_png_jpg.rf.0ed8d1fabc6fa6eb3793056a67601437.jpg,1,1,0.0
IMG_3623_block_2_1_png_jpg.rf.820b6078939a508c7367868884bac872.jpg,3,3,0.0
IMG_3623_block_2_1_png_jpg.rf.9bd276359c23aed753ac5001807dbb0b.jpg,1,1,0.0
IMG_3623_block_2_1_png_jpg.rf.dea11a931998e893249bbd88fc55e2cb.jpg,3,3,0.0
IMG_3624_block_0_1_png_jpg.rf.39a3af17cc68c5bfe9e5ea67d543ac1c.jpg,2,2,0.0
IMG_3624_block_0_1_png_jpg.rf.4268eeb4982fbb444c897845cbe65653.jpg,1,1,0.0
IMG_3625_block_2_2_png_jpg.rf.89f033f70a95904989319573b3f8334e.jpg,1,1,0.0
IMG_3627_block_2_1_png_jpg.rf.23fcab95ef3f7df4a74f825202912603.jpg,18,17,-5.56
IMG_3627_block_2_1_png_jpg.rf.863e5da19651a8de8920ec31a520b5bb.jpg,48,39,-18.75
IMG_3627_block_2_1_png_jpg.rf.c3794de2af086ffd7b08c10e17066681.jpg,23,18,-21.74
IMG_3627_block_2_1_png_jpg.rf.cdcc07a696d14ef42499bfd89ea84318.jpg,22,15,-31.82
IMG_3627_block_2_1_png_jpg.rf.f82c966d3daa6a27c8625c58b0454f58.jpg,40,29,-27.5
IMG_3627_block_2_1_png_jpg.rf.ffc989d1e5e8dc8738115f9a6f5c287a.jpg,49,39,-20.41
IMG_3628_block_0_0_png_jpg.rf.58be425778a0cf7836e33d1a26270e14.jpg,5,5,0.0
IMG_3628_block_0_0_png_jpg.rf.8e3094f7a13006fdd277a21d74e58a76.jpg,7,5,-28.57
IMG_3628_block_0_0_png_jpg.rf.f92491739b70d8e06b34c4d04f832884.jpg,3,3,0.0
IMG_3628_block_1_0_png_jpg.rf.133ed0e367c7bbf490fc6a31a211f5b8.jpg,30,29,-3.33
IMG_3628_block_1_0_png_jpg.rf.8245129a77c2bf423f2c3d049337ac24.jpg,30,25,-16.67
IMG_3628_block_1_0_png_jpg.rf.82fa735e7174a6f151b8075c757517ff.jpg,29,28,-3.45
IMG_3628_block_1_1_png_jpg.rf.43923501f307aad6dd4ef9a65c4b7971.jpg,11,10,-9.09
IMG_3628_block_1_1_png_jpg.rf.8f29d92235cdb73ea80f4ec5b5b079e4.jpg,11,11,0.0
IMG_3628_block_1_1_png_jpg.rf.d6a221fd60a7abad92b68384223a28c8.jpg,13,11,-15.38
IMG_3628_block_2_0_png_jpg.rf.36996d90aca28c48a95ef687a98277da.jpg,2,2,0.0
IMG_3628_block_2_0_png_jpg.rf.9bba84705e3cb8449e01faa9077cfb54.jpg,2,2,0.0
IMG_3628_block_2_0_png_jpg.rf.f31be23c9cce7b866f83a693e9461006.jpg,2,2,0.0
IMG_3629_block_0_0_png_jpg.rf.0c15d5fdb14b0a0fcd24e9688a9dced3.jpg,1,1,0.0
IMG_3629_block_0_0_png_jpg.rf.7b6662ad9d1ec2b90d41c7b65be24eff.jpg,4,2,-50.0
IMG_3629_block_0_0_png_jpg.rf.97d142c26d18b0a4eb73ba3a7f929c61.jpg,3,3,0.0
IMG_3629_block_0_1_png_jpg.rf.48790aad7b710aa9166ef1f041479faf.jpg,20,20,0.0
IMG_3629_block_0_1_png_jpg.rf.66183f70a6f5950079493449e2654cf3.jpg,14,13,-7.14
IMG_3629_block_0_1_png_jpg.rf.7e4a3db383020e0a6f7db74b2203a894.jpg,15,15,0.0
IMG_3629_block_0_1_png_jpg.rf.7ef9ea8a030b6d949df4fd63686e035f.jpg,17,16,-5.88
IMG_3629_block_0_1_png_jpg.rf.bd05f709be792ef7f8100e20a08084ef.jpg,24,18,-25.0
IMG_3629_block_0_1_png_jpg.rf.df25f1149a68d51d7bfb4881c7758d19.jpg,21,18,-14.29
IMG_3629_block_1_0_png_jpg.rf.b35ccd3a85bd96ae5ad24139594ed730.jpg,1,1,0.0
IMG_3630_block_1_2_png_jpg.rf.3e45aef104902fd30c0810749101cc80.jpg,8,7,-12.5
IMG_3630_block_1_2_png_jpg.rf.a8b5fa62d2c86d55e6cd2ec56d2c6e19.jpg,8,8,0.0
IMG_3630_block_1_2_png_jpg.rf.c0f1209463177fa88002c706ef2198e5.jpg,14,11,-21.43
bad_weld_vid168_jpeg_jpg.rf.84ade250a76be3d2727eb93d2a441210.jpg,1,1,0.0
bad_weld_vid168_jpeg_jpg.rf.a1ae5929d8ef72c776d9f61ceadbbe90.jpg,1,1,0.0
bad_weld_vid168_jpeg_jpg.rf.c5f0c7be7ec9b0ab17707e746bdba8a3.jpg,1,1,0.0
bad_weld_vid176_jpeg_jpg.rf.10b8dc85edc67e63410b1db51e87f911.jpg,9,8,-11.11
bad_weld_vid176_jpeg_jpg.rf.6c00366f584c16610fcbff5fbdc12c21.jpg,8,6,-25.0
bad_weld_vid176_jpeg_jpg.rf.8857d6fa47250041ed7432d1e38d9310.jpg,12,9,-25.0
bad_weld_vid176_jpeg_jpg.rf.b563e3c1b450064b9538a8237db9cd0b.jpg,1,1,0.0
bad_weld_vid176_jpeg_jpg.rf.bab76ae09d4411882a5514a5954d7bec.jpg,7,4,-42.86
bad_weld_vid176_jpeg_jpg.rf.e8970457c617e782eda43f93c5f83232.jpg,2,1,-50.0
bad_weld_vid198_jpeg_jpg.rf.1411425364c73329697ac6c480deca01.jpg,7,5,-28.57
bad_weld_vid198_jpeg_jpg.rf.427d5ce90f26fc95200ee36b83c708d1.jpg,6,5,-16.67
bad_weld_vid198_jpeg_jpg.rf.e2de48be94747a6a395317a6d41b3ef9.jpg,6,5,-16.67
bad_weld_vid276_jpeg_jpg.rf.426c0bfd7c754121111579f0e65b8491.jpg,2,2,0.0
bad_weld_vid276_jpeg_jpg.rf.c44a17866b4b764a190cdfe4d8eedb8a.jpg,2,2,0.0
bad_weld_vid276_jpeg_jpg.rf.fce64b84754bf915865977b9dbabbc69.jpg,2,2,0.0
bad_weld_vid327_jpeg_jpg.rf.0b45357aa2eb9d8fa12e623bdd864b40.jpg,6,6,0.0
bad_weld_vid327_jpeg_jpg.rf.1265fad56b21905dafe48151a7c6954f.jpg,7,6,-14.29
bad_weld_vid327_jpeg_jpg.rf.2d0f7cf59addc5e22099ff6fb38b117b.jpg,6,5,-16.67
bad_weld_vid368_jpeg_jpg.rf.504492f891bfb58bc2a81ca2ff1ddfab.jpg,4,3,-25.0
bad_weld_vid368_jpeg_jpg.rf.518ae45c6a35bb524847c996b2b598ea.jpg,3,3,0.0
bad_weld_vid368_jpeg_jpg.rf.ef5c2e199c1cfd6a11c3333bb364e486.jpg,3,3,0.0
bad_weld_vid372_jpeg_jpg.rf.285e1a6fe7b1595eb3c68342cb61946a.jpg,1,1,0.0
bad_weld_vid372_jpeg_jpg.rf.5dc8a338f3be20f35ca1357a0600260e.jpg,1,1,0.0
bad_weld_vid372_jpeg_jpg.rf.af351404e91df7ff6095060dfd5c4322.jpg,1,1,0.0
bad_weld_vid446_jpeg_jpg.rf.1ddcb01a66ebfe91e63ac14701b10c0f.jpg,1,1,0.0
bad_weld_vid446_jpeg_jpg.rf.bf4ba472b854be404ba0e985380a398b.jpg,1,1,0.0
bad_weld_vid446_jpeg_jpg.rf.ebd408df1a31e369a62852250d41f5dc.jpg,1,1,0.0
bad_weld_vid472_jpeg_jpg.rf.e2001a62484fb8346f87b456362a2d93.jpg,10,9,-10.0
bad_weld_vid472_jpeg_jpg.rf.e552c0a29ffd662d8a6486f68956035f.jpg,14,10,-28.57
bad_weld_vid472_jpeg_jpg.rf.f5bea80a7e4474877c08406c3dccd894.jpg,10,9,-10.0
bad_weld_vid560_jpeg_jpg.rf.330b147e0662f62c0ba698342aaac55b.jpg,1,1,0.0
bad_weld_vid560_jpeg_jpg.rf.34c32b07297e6a1d725558d28382d6e8.jpg,1,1,0.0
bad_weld_vid560_jpeg_jpg.rf.e2ca3c8502550c4a32774d23a1f103d9.jpg,1,1,0.0
bad_weld_vid577_jpeg_jpg.rf.3e0bd73542b7aff7166e0c3dce86248f.jpg,2,2,0.0
bad_weld_vid577_jpeg_jpg.rf.b83d9c815cdec871ee69bf66f377f7e3.jpg,2,2,0.0
bad_weld_vid577_jpeg_jpg.rf.bd5cb3faec6cc38c239a988d01a46649.jpg,2,2,0.0
bad_weld_vid641_jpeg_jpg.rf.1b2ebc7d3c5b952eb752a7bb6a6119d5.jpg,5,5,0.0
bad_weld_vid641_jpeg_jpg.rf.c27c57c373e7a2a103a893cf9efcbfab.jpg,5,5,0.0
bad_weld_vid641_jpeg_jpg.rf.f8c68dc19c5ec77840a327a4d9d06492.jpg,6,6,0.0
bad_weld_vid644_jpeg_jpg.rf.17e47d61f1d3a3fe6aa29adfcf52800e.jpg,5,4,-20.0
bad_weld_vid644_jpeg_jpg.rf.838f3e7b647497f798f36e930e2d508a.jpg,4,4,0.0
bad_weld_vid644_jpeg_jpg.rf.a48eb70890ab7e3f36e1813d34c239b0.jpg,5,4,-20.0
bad_weld_vid687_jpeg_jpg.rf.7a1e4e36ff409efeb37e589b25a5afc0.jpg,3,3,0.0
bad_weld_vid687_jpeg_jpg.rf.a4b983d007c670f0aaeba9a9d5016acd.jpg,4,4,0.0
bad_weld_vid687_jpeg_jpg.rf.caafddb0a2fea8004c498276ce105c23.jpg,4,4,0.0
bad_weld_vid721_jpeg_jpg.rf.95330632248c67411b8b113da02dd614.jpg,3,3,0.0
bad_weld_vid721_jpeg_jpg.rf.b0703a5f5177eff9dca205b3683d5fde.jpg,4,3,-25.0
bad_weld_vid721_jpeg_jpg.rf.e83454966b765b91b4fe2d501e74be03.jpg,3,3,0.0
bad_weld_vid84_jpeg_jpg.rf.51ba129a1e36a371c6725087226e77d1.jpg,1,1,0.0
bad_weld_vid84_jpeg_jpg.rf.5a686f0c81e2cd43d9ce0075ffbea0bd.jpg,1,1,0.0
bad_weld_vid84_jpeg_jpg.rf.5fd276cc979b4a0d55a989bd9a0e7cd5.jpg,1,1,0.0
bad_weld_vid84_jpeg_jpg.rf.d6896c64f0ed12cbd2b2eda4c85bc575.jpg,1,1,0.0
bad_weld_vid84_jpeg_jpg.rf.d6ba4914d28514697bda4ae5bca73a06.jpg,1,0,-100.0
bad_weld_vid88_jpeg_jpg.rf.9ba3b0cca50b4ccedb7ceb946e3006b8.jpg,4,3,-25.0
bad_weld_vid88_jpeg_jpg.rf.c5774047cc995d362acb0c4b2ea3b2e2.jpg,4,4,0.0
bad_weld_vid88_jpeg_jpg.rf.fd36272f520dc38fc378bfb6d21dadd8.jpg,3,3,0.0
bad_weld_vid93_jpeg_jpg.rf.60ea575e6739dcd6a3b79b2dd7eccf02.jpg,7,5,-28.57
bad_weld_vid93_jpeg_jpg.rf.83102b4c3f93b9fc806434fa1cd9f69d.jpg,7,6,-14.29
bad_weld_vid93_jpeg_jpg.rf.f4882e2ff717d7abd12844be32de8df6.jpg,6,5,-16.67
bad_weld_vid97_jpeg_jpg.rf.20002c07aca108575503549d5fcbf66d.jpg,2,2,0.0
bad_weld_vid97_jpeg_jpg.rf.373aed8f8c2656521543c2b9cb4b4b25.jpg,2,2,0.0
bad_weld_vid97_jpeg_jpg.rf.e8006391d588acf04dc807b1c2c8c5f2.jpg,3,2,-33.33
badly-welded-corner-rusty-old-metal-bad-weld-how-not-to-cook-132406262_jpeg_jpg.rf.910aa94449cd35a108c45c616b7d8a80.jpg,3,3,0.0
badly-welded-corner-rusty-old-metal-bad-weld-how-not-to-cook-132406262_jpeg_jpg.rf.9c293dae3f2b9cea4917e2383014e8b6.jpg,5,5,0.0
badly-welded-corner-rusty-old-metal-bad-weld-how-not-to-cook-132406262_jpeg_jpg.rf.f8a529fc1f49b3a323097bbcff5acfd4.jpg,3,3,0.0
bhjv_jpeg_jpg.rf.047b25220a32abea35cfdf6370206b10.jpg,4,4,0.0
bhjv_jpeg_jpg.rf.39d455cb53a8db5f73f4c119be29a648.jpg,4,3,-25.0
bhjv_jpeg_jpg.rf.b94d83fbec973682e0824a7507ff7d4c.jpg,3,3,0.0
carbon-steel-good-welds_14_jpeg_jpg.rf.259c3ae0c6a2860d523186c628ac6d26.jpg,1,1,0.0
carbon-steel-good-welds_14_jpeg_jpg.rf.9c222d32b744fde5cd2f47ecae94cf26.jpg,1,0,-100.0
carbon-steel-good-welds_14_jpeg_jpg.rf.a20e1f332b3aacf1c4618923e4bf21a0.jpg,1,1,0.0
carbon-steel-good-welds_48_jpeg_jpg.rf.3283feefde749c865e27c1282370a08d.jpg,2,2,0.0
carbon-steel-good-welds_48_jpeg_jpg.rf.85969a5183d24e1bd56b2b30d3f3637d.jpg,3,3,0.0
carbon-steel-good-welds_48_jpeg_jpg.rf.c961d8ead6cc3929650c4699633eb98c.jpg,3,3,0.0
cd175ee2-e199412f-weld-cracking-aluminum_jpg.rf.11b69b435aefa8089143ada4e96ea982.jpg,2,2,0.0
cd175ee2-e199412f-weld-cracking-aluminum_jpg.rf.12d6c8194441bb1438a9d4eee2b882bf.jpg,2,2,0.0
cd175ee2-e199412f-weld-cracking-aluminum_jpg.rf.6eff6bd835cc0102dd49de48dac20dd5.jpg,1,1,0.0
common-welding-defects_jpg.rf.14dd1f4ae19e92cb7e5cb73f7ea9ac3b.jpg,20,15,-25.0
common-welding-defects_jpg.rf.351f0511c9b6924f3e0c704c571176d8.jpg,20,15,-25.0
common-welding-defects_jpg.rf.bbf8797fb04a41cf43e1fb749c382db0.jpg,19,15,-21.05
crack-welding-images_20_jpeg_jpg.rf.39de5be1794f3949277cae98dcbbc73f.jpg,1,1,0.0
crack-welding-images_20_jpeg_jpg.rf.5dd05c4dc5f6e8fd970a78378bb82cdf.jpg,1,1,0.0
crack-welding-images_20_jpeg_jpg.rf.fbe00917c5fcb39b0f7d3ad160f2be40.jpg,1,1,0.0
crack-welding-images_21_jpeg_jpg.rf.74b26043b87ef9cb77d00e69ecd36927.jpg,1,1,0.0
crack-welding-images_21_jpeg_jpg.rf.c9ffbbb620942fa7fe2125211d6860d1.jpg,2,1,-50.0
crack-welding-images_25_jpeg_jpg.rf.5a2ecea0af4623fff9d2f2288d4aa0b7.jpg,1,1,0.0
crack-welding-images_25_jpeg_jpg.rf.c992d539d2c01f0b23ba9cf80091e2b6.jpg,1,1,0.0
cracked-weld-welding-due-to-metal-fatigue-on-a-bicycle-bike-frame-DYDW84_jpg.rf.17c69302c2a2b98cd49d71fa169d864f.jpg,1,1,0.0
cracked-weld-welding-due-to-metal-fatigue-on-a-bicycle-bike-frame-DYDW84_jpg.rf.d2f382aceb67598d47ce780709ab2ef0.jpg,1,1,0.0
cracked-weld-welding-due-to-metal-fatigue-on-a-bicycle-bike-frame-DYDW84_jpg.rf.ee9786e6e89d705ce0017a60ced296b7.jpg,1,1,0.0
d0999301-8d30759b-c2_png_jpg.rf.0b72e4893a71bcbcc958de8e356a2209.jpg,1,1,0.0
d0999301-8d30759b-c2_png_jpg.rf.b6b4ebfcaee8c8730cb22ac5e28a79a8.jpg,1,1,0.0
d0999301-8d30759b-c2_png_jpg.rf.c4671a77b139a9c8fd7565247c37d9fc.jpg,2,1,-50.0
download-2-_jpg.rf.57c1761b764e90a5480339a8491f9ed7.jpg,9,8,-11.11
download-2-_jpg.rf.606c807b15c269d17bf59552385ae88b.jpg,8,8,0.0
download-2-_jpg.rf.aaddd681ad95fa17b2f8ee541252437d.jpg,10,8,-20.0
download_jpeg_jpg.rf.7cef3292d5e982e4827694ab13b6f78b.jpg,1,1,0.0
download_jpeg_jpg.rf.944648be8d77b1e27217a5cfa762390c.jpg,1,1,0.0
download_jpeg_jpg.rf.e7214c63523813b2c1bb50d16b2fa560.jpg,1,1,0.0
e603149f-a64a58cc-download_jpeg_jpg.rf.420bd56687c9e695dec00302f727a113.jpg,1,1,0.0
e603149f-a64a58cc-download_jpeg_jpg.rf.5f09fd314c70d2c97936f7c0031ac245.jpg,1,1,0.0
e603149f-a64a58cc-download_jpeg_jpg.rf.728d0404cf7d807fc39c0e3c291d1c78.jpg,1,1,0.0
e603149f-a64a58cc-download_jpeg_jpg.rf.8c9770dbc1c7352aa2acff322dda0711.jpg,1,1,0.0
e603149f-a64a58cc-download_jpeg_jpg.rf.cb27b21d467c70911687811b0b3178ce.jpg,1,1,0.0
eac7a6e6-55379860-Transverse-Cracks_jpg.rf.5db7beacc8e8f6aa1615457790c0e798.jpg,1,1,0.0
eac7a6e6-55379860-Transverse-Cracks_jpg.rf.93699b43886d795c3b895a85617295f0.jpg,1,1,0.0
eac7a6e6-55379860-Transverse-Cracks_jpg.rf.c94f50656a927548524551e2b21acab7.jpg,1,1,0.0
eerrrr_jpg.rf.91b6c0b34b2c801d9bf37b2e296446ca.jpg,1,1,0.0
eerrrr_jpg.rf.ae4c51b9a69970da1dccf51cabe268ce.jpg,2,2,0.0
eerrrr_jpg.rf.de06e7c7943c9195e445ac56900a5f46.jpg,1,1,0.0
element-of-a-part-of-a-welded-structure-an-arc-welded-seam-technological-holes-industry-2F5B8YC_jpg.rf.4caae4b646943e6bf12df2d87f5d7d80.jpg,4,3,-25.0
element-of-a-part-of-a-welded-structure-an-arc-welded-seam-technological-holes-industry-2F5B8YC_jpg.rf.a31a6d2202ef6407a8b1317a1a197450.jpg,5,2,-60.0
element-of-a-part-of-a-welded-structure-an-arc-welded-seam-technological-holes-industry-2F5B8YC_jpg.rf.c7de8e9a245ae575383470ff7aabb1fb.jpg,6,4,-33.33
errrrr-2-_jpg.rf.a160fac8c003a77f0e266d9d2289c5a8.jpg,3,3,0.0
errrrr-2-_jpg.rf.c8ba278cab5aff352f734d34614e614f.jpg,3,3,0.0
errrrr-2-_jpg.rf.f276474b9f01274b2b83135e4d47ee05.jpg,3,3,0.0
f8fc18dc-bf17c3dd-c8_jpg.rf.6a8f5fae266a907f3fef8a398e4b376a.jpg,1,1,0.0
f8fc18dc-bf17c3dd-c8_jpg.rf.7d17a0da05fd16732c2697464de9504d.jpg,1,1,0.0
f8fc18dc-bf17c3dd-c8_jpg.rf.bd641db6f80006316d3b2b3a63d86891.jpg,1,1,0.0
fig2dragonaluminumlrjpg_jpeg_jpg.rf.b437ddbeccbaefca3e3d4a392ea0b541.jpg,2,2,0.0
fig2dragonaluminumlrjpg_jpeg_jpg.rf.df0b2f48736730674e78f0cd6f56a79b.jpg,2,2,0.0
fig2dragonaluminumlrjpg_jpeg_jpg.rf.f31df3938f7c5189ca6f799b82172bbb.jpg,2,2,0.0
good-stick-welds_13_jpeg_jpg.rf.456fad87f134d5d8b0502916c5ad38d9.jpg,3,2,-33.33
good-stick-welds_13_jpeg_jpg.rf.4ff615a3de2930b3cd06aa4a3f9ca4bc.jpg,2,2,0.0
good-stick-welds_13_jpeg_jpg.rf.e74abc4b11b519a3888240732cc92427.jpg,6,2,-66.67
good-stick-welds_14_jpeg_jpg.rf.8b2ab2d4382f757d45c99bc1af174969.jpg,1,1,0.0
good-stick-welds_14_jpeg_jpg.rf.ea9456d88ad5aa0e3225dbfb54d9c7bf.jpg,1,1,0.0
good-stick-welds_33_jpeg_jpg.rf.15d1c742c9b031c5243ed5826ca5f265.jpg,1,1,0.0
good-stick-welds_33_jpeg_jpg.rf.26a9b2baf58fbeeaa24e08dc887dc352.jpg,4,4,0.0
good-stick-welds_33_jpeg_jpg.rf.e306af6e20a4fe53e2e5d4dd43155d83.jpg,2,1,-50.0
good-stick-welds_44_jpeg_jpg.rf.2b0e9e740e813013d4d3f08cd92ae79b.jpg,5,5,0.0
good-stick-welds_44_jpeg_jpg.rf.6bf43c880e2e79139f4ac039e93676f9.jpg,5,4,-20.0
good-stick-welds_44_jpeg_jpg.rf.dd7fa248340eb53735dd9514477f2fc0.jpg,4,4,0.0
good-stick-welds_45_jpeg_jpg.rf.1a0bcd8a1db7576fa395917ba8ed0ed2.jpg,3,2,-33.33
good-stick-welds_45_jpeg_jpg.rf.31e1738f9db0b0d7cad69aaaf6ea462a.jpg,3,2,-33.33
good-stick-welds_45_jpeg_jpg.rf.66f880590642d1c92a1c7655569d9dc1.jpg,1,1,0.0
good-stick-welds_8_jpeg_jpg.rf.29b23696d86660de9386928d1cd60667.jpg,4,4,0.0
good-stick-welds_8_jpeg_jpg.rf.7319fc03c7ad12d541b75087c7623ed1.jpg,2,2,0.0
good-stick-welds_8_jpeg_jpg.rf.cee7b06a9bf2f23ed07757bad4813024.jpg,4,4,0.0
good_weld_vid100_jpeg_jpg.rf.12edc1a2a904b9e9816f5fb913b8caf5.jpg,3,2,-33.33
good_weld_vid100_jpeg_jpg.rf.2ac28408d00518eda84e9722653f84f1.jpg,5,4,-20.0
good_weld_vid100_jpeg_jpg.rf.6bf3dfe179a05939f73264cbaf75982c.jpg,4,2,-50.0
good_weld_vid1263_jpeg_jpg.rf.c0c735ef081f25da4b76ccd83be1cb4d.jpg,1,1,0.0
good_weld_vid1263_jpeg_jpg.rf.cad1c0c8e97451fbac182b8f39f82b40.jpg,1,1,0.0
good_weld_vid1263_jpeg_jpg.rf.fd36275f9b9db037dec35ca327d6222b.jpg,1,1,0.0
good_weld_vid142_jpeg_jpg.rf.5e4ff7e3621c69e4fbe57d4d605e0492.jpg,1,1,0.0
good_weld_vid142_jpeg_jpg.rf.e7000c72a4afb978428a8aa77ecac084.jpg,1,1,0.0
good_weld_vid142_jpeg_jpg.rf.e83f6b1b8ecf04f5c94914e41408c06c.jpg,1,1,0.0
good_weld_vid147_jpeg_jpg.rf.4b79e0348a47e222fb3bf213ae70beaf.jpg,2,2,0.0
good_weld_vid147_jpeg_jpg.rf.50d69c2f9171caba6a64b6d491ae8e54.jpg,2,2,0.0
good_weld_vid147_jpeg_jpg.rf.dc4faedf7490784dc8cb42c2941b5943.jpg,2,2,0.0
good_weld_vid1762_jpeg_jpg.rf.a2af993eb2d0b39300f5d700d8bb91f7.jpg,1,1,0.0
good_weld_vid1762_jpeg_jpg.rf.b705aa4f7bd57515377acbe87440651f.jpg,1,1,0.0
good_weld_vid272_jpeg_jpg.rf.0853d986daa77430f680cef59744c364.jpg,6,6,0.0
good_weld_vid272_jpeg_jpg.rf.8ade1758ac04c947418093e2937e9dd2.jpg,2,2,0.0
good_weld_vid272_jpeg_jpg.rf.b18e86787342912875ccdd3c6a0dcf2e.jpg,6,5,-16.67
good_weld_vid684_jpeg_jpg.rf.8b34802e47417b635ef81a1d7766c9d7.jpg,1,1,0.0
good_weld_vid684_jpeg_jpg.rf.af7a5c5d187f504a013ac794149cc100.jpg,1,1,0.0
hrjnhimages_jpeg_jpg.rf.15ba7bed9aa58929b2f82f7659836444.jpg,2,2,0.0
hrjnhimages_jpeg_jpg.rf.58c3f2eaa946a7c0c4e633ee778ed7c8.jpg,2,2,0.0
hrjnhimages_jpeg_jpg.rf.7d61175a52dcf5cd1bef8751def48fe3.jpg,2,2,0.0
images-1-_jpg.rf.57080fa5ec3817856c4370542390d998.jpg,9,6,-33.33
images-1-_jpg.rf.b153dc99a054aef19fbfd30d2739e570.jpg,6,6,0.0
images-1-_jpg.rf.bfaf96a6e0d75bbe0850193819e13952.jpg,6,6,0.0
images-10-_jpeg_jpg.rf.304536e9bf8442ff3705b7b134de4cdf.jpg,1,1,0.0
images-10-_jpeg_jpg.rf.80c6f1d4a7535f15b56e4509a3ef31e9.jpg,1,1,0.0
images-10-_jpeg_jpg.rf.b3064b94f608ca965abb8d6acc557fd6.jpg,1,1,0.0
images-13-_jpeg_jpg.rf.835e149134492c8a33874ab355e7224d.jpg,1,1,0.0
images-13-_jpeg_jpg.rf.c52821540c8cf028a2810355c0775165.jpg,2,2,0.0
images-13-_jpeg_jpg.rf.fd043cd28c43b78a4bd7cfe0a3ac5312.jpg,1,1,0.0
images-2-_jpg.rf.403914dd4df376272f34c0d015e6df28.jpg,7,6,-14.29
images-2-_jpg.rf.48085ca02172b2377d71ddfb29cded08.jpg,1,1,0.0
images-2-_jpg.rf.8bf61bcc5405b99fc53870d3c7cf6cdc.jpg,6,5,-16.67
images-2-_jpg.rf.c084c90eef89189b59c2e135953967dc.jpg,7,6,-14.29
images-3-_jpg.rf.16f9594adcc50d599079579f34993a80.jpg,6,3,-50.0
images-3-_jpg.rf.51bd841da280d9827ecc89bde150a108.jpg,5,3,-40.0
images-3-_jpg.rf.792296963f785ca934a86bc16d9a4971.jpg,5,3,-40.0
images-4-_jpg.rf.7e1d6ce5322a6321a8179e523425ace6.jpg,11,9,-18.18
images-4-_jpg.rf.d380928841d97d3f1f3b2d0652a0e64a.jpg,9,8,-11.11
images-4-_jpg.rf.eca4c8a3ee3dcb753f31af06daa2e0b8.jpg,11,9,-18.18
images-5-_jpg.rf.83b45d08e5995e2a4ba6d0276ccf0408.jpg,1,1,0.0
images-5-_jpg.rf.8a67800b93d26e10a5700470db826604.jpg,1,1,0.0
images-5-_jpg.rf.a85349fa550351f1b73f712e5eb73239.jpg,1,1,0.0
images-6-_jpg.rf.3cc2be092a95f2dcd57cba68f949bfcf.jpg,1,1,0.0
images-6-_jpg.rf.4a27a61949a9bf1cfb45278e7f095aa3.jpg,1,1,0.0
images-6-_jpg.rf.559592513c62f57d7bcbb6f6bfcea453.jpg,1,1,0.0
images-7-_jpg.rf.2c84b71f7f0a4dd33a8d61db71c8bd3d.jpg,1,1,0.0
images-7-_jpg.rf.87fcdb76ac2edc08b6427e863888dcf6.jpg,1,1,0.0
